,APDTop1,APDTop2,APDBot1,APDBot2,Coincidence,APD_DAC1,APD_DAC2,T1,T2,T3,T4,T5,Laser_DAC,LCPR_cap_pf,LCPR_ref_i,LCPR_1,LCPR_2,LEPDc_0,LEPDc_1,LEPDc_2,LEPDc_3,Index
0,0,0,0,0,0,800,800,308,308,316,312,312,10,0,0,106,106,0,0,0,0,0
1,0,0,0,0,0,1000,1000,308,308,316,312,312,10,0,0,106,106,0,0,0,0,1
2,0,0,0,0,0,1200,1200,308,308,316,312,312,10,0,0,106,106,0,0,0,0,2
3,0,0,0,0,0,1400,1400,308,308,316,312,312,10,0,0,106,106,0,0,0,0,3
4,0,0,0,0,0,1600,1600,308,308,316,312,312,10,0,0,106,106,0,0,0,0,4
5,0,0,0,0,0,1800,1800,308,308,316,312,312,10,0,0,106,106,0,0,0,0,5
6,0,0,0,0,0,2000,2000,308,308,316,312,312,10,0,0,106,106,0,0,0,0,6
7,0,0,0,0,0,2200,2200,308,308,316,312,312,10,0,0,106,106,0,0,0,0,7
8,0,0,0,0,0,2400,2400,308,308,316,312,312,10,0,0,106,106,0,0,0,0,8
9,0,0,0,0,0,2600,2600,308,308,316,312,312,10,0,0,106,106,0,0,0,0,9
10,0,0,0,0,0,2800,2800,308,308,316,312,312,10,0,0,106,106,0,0,0,0,10
11,0,0,0,0,0,2990,2990,308,308,316,312,312,10,0,0,106,106,0,0,0,0,11
12,0,0,0,0,0,2990,2990,312,308,316,312,312,10,0,0,106,106,0,0,0,0,12
13,0,0,0,0,0,2990,2990,312,312,316,312,316,10,0,0,106,106,0,0,0,0,13
14,0,0,0,0,0,2990,2990,312,312,316,316,316,10,0,0,106,106,0,0,0,0,14
15,0,0,0,0,0,2990,2990,312,312,316,316,316,10,0,0,106,106,0,0,0,0,15
16,0,0,0,0,0,2990,2990,312,312,316,316,316,10,0,0,106,106,0,0,0,0,16
17,0,0,0,0,0,2990,2990,312,312,316,316,316,10,0,0,106,106,0,0,0,0,17
18,0,0,0,0,0,2990,2990,312,312,320,316,316,10,0,0,106,106,0,0,0,0,18
19,0,0,0,0,0,2990,2990,312,312,320,316,316,10,0,0,106,106,0,0,0,0,19
20,0,0,0,0,0,2990,2990,312,316,320,316,320,10,0,0,106,106,0,0,0,0,20
21,0,0,0,0,0,2990,2990,312,316,320,320,320,10,0,0,106,106,0,0,0,0,21
22,0,0,0,0,0,2990,2990,316,316,320,320,320,10,0,0,106,106,0,0,0,0,22
23,0,0,0,0,0,2990,2990,316,316,320,320,320,10,0,0,106,106,0,0,0,0,23
24,0,0,0,0,0,2990,2990,316,316,320,320,320,10,0,0,106,106,0,0,0,0,24
25,0,0,0,0,0,2990,2990,316,316,320,320,320,10,0,0,106,106,0,0,0,0,25
26,0,0,0,0,0,2990,2990,316,316,320,320,320,10,0,0,106,106,0,0,0,0,26
27,0,0,0,0,0,2990,2990,316,316,320,320,320,10,0,0,106,106,0,0,0,0,27
28,0,0,0,0,0,2990,2990,316,316,320,320,320,10,0,0,106,106,0,0,0,0,28
29,0,0,0,0,0,2990,2990,316,316,320,320,320,10,0,0,106,106,0,0,0,0,29
35,0,0,0,0,0,2990,2990,316,316,320,320,320,20,0,0,106,106,784,794,95,157,30
36,0,0,0,0,0,2990,2990,316,316,320,320,320,30,0,0,106,106,781,792,98,158,31
37,0,0,0,0,0,2990,2990,316,316,320,320,316,40,0,0,106,106,781,791,96,162,32
38,0,0,0,0,0,2990,2990,316,316,320,316,316,50,0,0,106,106,786,793,91,159,33
39,0,0,0,0,0,2990,2990,316,316,320,316,316,60,0,0,106,106,774,780,81,157,34
40,0,0,0,0,0,2990,2990,316,316,320,320,316,70,0,0,106,106,771,791,91,157,35
41,0,0,0,0,0,2990,2990,316,316,320,320,316,80,0,0,106,106,780,790,94,159,36
42,0,0,0,0,0,2990,2990,316,316,320,320,320,90,0,0,106,106,769,792,94,155,37
43,0,0,0,0,0,2990,2990,316,316,320,320,320,100,0,0,106,106,771,789,97,145,38
44,0,0,0,0,0,2990,2990,316,316,320,320,320,110,0,0,106,106,769,778,83,147,39
45,0,0,0,0,0,2990,2990,316,316,320,320,320,120,0,0,106,106,784,788,91,161,40
46,0,0,0,0,0,2990,2990,316,316,320,320,320,130,0,0,106,106,771,793,95,155,41
47,0,0,0,0,0,2990,2990,316,316,324,320,320,140,0,0,106,106,773,791,97,149,42
48,0,0,0,0,0,2990,2990,316,316,324,320,320,150,0,0,106,106,769,781,85,144,43
49,0,0,0,0,0,2990,2990,316,316,324,320,320,160,0,0,106,106,769,779,80,142,44
50,0,0,0,0,0,2990,2990,316,316,324,320,320,170,0,0,106,106,770,787,97,160,45
51,0,0,0,0,0,2990,2990,316,316,324,320,320,180,0,0,106,106,782,789,95,145,46
52,0,0,0,0,0,2990,2990,316,316,324,320,320,190,0,0,106,106,770,779,82,149,47
53,0,0,0,0,0,2990,2990,316,316,324,320,320,200,0,0,106,106,770,783,84,142,48
54,0,0,0,0,0,2990,2990,316,316,324,320,320,210,0,0,106,106,784,794,95,154,49
55,0,0,0,0,0,2990,2990,316,316,324,320,320,220,0,0,106,106,768,791,98,146,50
56,0,0,0,0,0,2990,2990,316,316,324,320,320,230,0,0,106,106,772,780,81,146,51
57,0,0,0,0,0,2990,2990,316,316,324,320,320,240,0,0,106,106,772,783,82,144,52
58,0,0,0,0,0,2990,2990,320,316,324,320,320,250,0,0,106,106,783,791,95,162,53
59,0,0,0,0,0,2990,2990,320,316,324,320,320,260,0,0,106,106,781,794,94,143,54
60,0,0,0,0,0,2990,2990,320,316,324,320,320,270,0,0,106,106,766,781,87,146,55
61,0,0,0,0,0,2990,2990,320,320,324,324,320,280,0,0,106,106,787,792,95,157,56
62,0,0,0,0,0,2990,2990,320,320,324,324,324,290,0,0,106,106,768,777,86,147,57
63,0,0,0,0,0,2990,2990,320,320,324,324,324,300,0,0,106,106,774,793,94,142,58
64,0,0,0,0,0,2990,2990,320,320,324,324,324,300,0,0,106,106,782,792,98,157,59
65,0,0,0,0,0,2990,2990,320,320,324,324,324,300,0,0,106,106,780,792,94,158,60
66,0,0,0,0,0,2990,2990,320,320,324,324,324,300,0,0,106,106,767,791,100,159,61
67,0,0,0,0,0,2990,2990,320,320,324,320,324,300,0,0,106,106,785,791,94,160,62
68,0,0,0,0,0,2990,2990,320,320,324,320,324,300,0,0,106,106,780,794,99,157,63
69,0,0,0,0,0,2990,2990,320,320,324,320,324,300,0,0,106,106,783,789,97,164,64
70,0,0,0,0,0,2990,2990,320,320,324,320,320,300,0,0,106,106,786,790,95,164,65
71,0,0,0,0,0,2990,2990,320,320,324,320,320,300,0,0,106,106,782,792,93,146,66
72,0,0,0,0,0,2990,2990,320,320,324,320,320,300,0,0,106,106,772,789,97,160,67
73,0,0,0,0,0,2990,2990,316,320,324,320,320,300,0,0,106,106,770,776,85,147,68
74,0,0,0,0,0,2990,2990,320,320,324,320,320,300,0,0,106,106,783,791,95,156,69
75,0,0,0,0,0,2990,2990,320,320,324,320,324,300,0,0,106,106,784,790,98,146,70
76,0,0,0,0,0,2990,2990,320,320,324,320,324,300,4095,0,106,106,786,791,93,160,71
77,0,0,0,0,0,2990,2990,320,320,324,324,324,300,4095,0,106,111,778,791,100,158,72
78,0,0,0,0,0,2990,2990,320,320,324,324,324,300,4095,0,106,116,782,782,85,146,73
79,0,0,0,0,0,2990,2990,320,320,324,324,324,300,4095,0,106,121,782,793,101,147,74
80,0,0,0,0,0,2990,2990,320,320,324,324,324,300,4095,0,106,126,770,790,97,158,75
81,0,0,0,0,0,2990,2990,320,320,328,324,324,300,4095,0,106,131,784,790,96,159,76
82,0,0,0,0,0,2990,2990,320,320,328,324,324,300,4095,0,106,136,769,792,100,158,77
83,0,0,0,0,0,2990,2990,320,320,328,324,324,300,4095,0,106,141,782,788,95,145,78
84,0,0,0,0,0,2990,2990,320,320,328,324,324,300,4095,0,106,146,775,780,80,145,79
85,0,0,0,0,0,2990,2990,320,320,328,324,324,300,4095,0,106,151,779,791,98,157,80
86,0,0,0,0,0,2990,2990,320,320,324,324,324,300,4095,0,106,156,778,795,97,157,81
87,0,0,0,0,0,2990,2990,320,320,324,320,320,300,4095,0,106,161,784,790,93,142,82
88,0,0,0,0,0,2990,2990,320,320,324,320,320,300,4095,0,106,166,777,786,96,158,83
89,0,0,0,0,0,2990,2990,320,320,324,320,320,300,4095,0,106,171,780,792,95,153,84
90,0,0,0,0,0,2990,2990,320,320,324,320,320,300,4095,0,106,176,784,791,92,158,85
91,0,0,0,0,0,2990,2990,320,320,324,324,320,300,4095,0,106,181,783,791,93,142,86
92,0,0,0,0,0,2990,2990,320,320,324,324,324,300,4095,0,106,186,772,780,80,147,87
93,0,0,0,0,0,2990,2990,320,320,324,324,324,300,4095,0,106,191,767,780,83,146,88
94,0,0,0,0,0,2990,2990,320,320,324,324,324,300,4095,0,106,196,780,791,99,160,89
95,0,0,0,0,0,2990,2990,324,320,328,324,324,300,4095,0,106,201,787,791,96,147,90
96,0,0,0,0,0,2990,2990,324,324,328,324,324,300,4095,0,106,206,779,786,93,157,91
97,0,0,0,0,0,2990,2990,324,324,328,324,324,300,4095,0,106,211,784,791,94,160,92
98,0,0,0,0,0,2990,2990,324,324,328,328,324,300,4095,0,106,216,782,795,96,157,93
99,0,0,0,0,0,2990,2990,324,324,328,328,324,300,4095,0,106,221,769,778,83,159,94
100,0,0,0,0,0,2990,2990,324,324,328,328,324,300,4095,0,106,226,784,793,95,156,95
101,0,0,0,0,0,2990,2990,324,324,328,328,324,300,4095,0,106,231,770,791,95,161,96
102,0,0,0,0,0,2990,2990,324,324,328,328,324,300,4095,0,106,236,781,796,96,155,97
103,0,0,0,0,0,2990,2990,324,324,328,328,324,300,4095,0,106,241,782,795,97,165,98
104,0,0,0,0,0,2990,2990,324,320,328,324,324,300,4095,0,106,246,785,791,92,159,99
105,0,0,0,0,0,2990,2990,320,320,324,324,324,300,4095,0,106,251,772,779,79,146,100
106,0,0,0,0,0,2990,2990,320,320,324,324,324,300,4095,0,106,256,773,792,96,157,101
107,0,0,0,0,0,2990,2990,320,320,324,324,324,300,4095,0,106,261,769,793,96,142,102
108,0,0,0,0,0,2990,2990,320,320,324,324,324,300,4095,0,106,266,782,787,96,159,103
109,0,0,0,0,0,2990,2990,320,320,324,324,324,300,4095,0,106,271,778,792,94,156,104
110,0,0,0,0,0,2990,2990,320,320,324,324,324,300,4095,0,106,276,768,788,96,160,105
111,0,0,0,0,0,2990,2990,320,320,324,324,324,300,4095,0,106,281,787,792,92,145,106
112,0,0,0,0,0,2990,2990,320,320,324,324,324,300,4095,0,106,286,780,791,99,161,107
113,0,0,0,0,0,2990,2990,320,320,324,324,324,300,4095,0,106,291,770,783,84,144,108
114,0,0,0,0,0,2990,2990,324,320,324,324,324,300,4095,0,106,296,772,781,79,146,109
115,0,0,0,0,0,2990,2990,324,320,328,324,324,300,4095,0,106,301,773,791,93,144,110
116,0,0,0,0,0,2990,2990,324,320,328,324,324,300,4095,0,106,306,782,791,97,159,111
117,0,0,0,0,0,2990,2990,324,320,328,328,324,300,4095,0,106,311,769,791,96,161,112
118,0,0,0,0,0,2990,2990,324,320,328,324,324,300,4095,0,106,316,765,778,85,144,113
119,0,0,0,0,0,2990,2990,324,320,328,324,324,300,4095,0,106,321,773,790,98,146,114
120,0,0,0,0,0,2990,2990,324,320,328,324,324,300,4095,0,106,326,781,790,94,163,115
121,0,0,0,0,0,2990,2990,324,320,328,324,324,300,4095,0,106,331,780,791,96,160,116
122,0,0,0,0,0,2990,2990,320,320,328,324,324,300,4095,0,106,336,771,778,77,141,117
123,0,0,0,0,0,2990,2990,320,320,324,324,324,300,4095,0,106,341,770,789,92,147,118
124,0,0,0,0,0,2990,2990,320,320,324,324,324,300,4095,1,106,346,783,790,100,160,119
125,0,0,0,0,0,2990,2990,320,320,324,324,324,300,4095,1,235,106,780,790,95,163,120
126,0,0,0,0,0,2990,2990,320,320,324,324,324,300,4095,1,235,111,783,794,97,156,121
127,0,0,0,0,0,2990,2990,320,320,324,324,324,300,4095,1,235,116,780,794,96,161,122
128,0,0,0,0,0,2990,2990,320,320,324,324,324,300,4095,1,235,121,782,791,93,160,123
129,0,0,0,0,0,2990,2990,320,320,324,324,324,300,4095,1,235,126,783,794,94,158,124
130,0,0,0,0,0,2990,2990,320,320,328,324,324,300,4095,1,235,131,787,793,91,159,125
131,0,0,0,0,0,2990,2990,324,320,328,324,324,300,4095,1,235,136,772,791,95,160,126
132,0,0,0,0,0,2990,2990,324,324,328,324,324,300,4095,1,235,141,779,791,97,157,127
133,0,0,0,0,0,2990,2990,324,324,328,324,324,300,4095,1,235,146,779,779,87,145,128
134,0,0,0,0,0,2990,2990,324,320,328,324,324,300,4095,1,235,151,787,781,82,145,129
135,0,0,0,0,0,2990,2990,324,320,328,324,324,300,4095,1,235,156,774,798,96,145,130
136,0,0,0,0,0,2990,2990,324,320,328,324,324,300,4095,1,235,161,786,792,93,159,131
137,0,0,0,0,0,2990,2990,324,320,328,324,324,300,4095,1,235,166,784,794,95,156,132
138,0,0,0,0,0,2990,2990,324,324,328,324,324,300,4095,1,235,171,786,791,93,155,133
139,0,0,0,0,0,2990,2990,324,324,328,324,324,300,4095,1,235,176,767,790,95,146,134
140,0,0,0,0,0,2990,2990,324,320,328,324,324,300,4095,1,235,181,769,788,97,162,135
141,0,0,0,0,0,2990,2990,320,320,324,324,324,300,4095,1,235,186,786,794,93,155,136
142,0,0,0,0,0,2990,2990,320,320,324,324,324,300,4095,1,235,191,781,794,97,158,137
143,0,0,0,0,0,2990,2990,320,320,324,324,324,300,4095,1,235,196,783,791,96,149,138
144,0,0,0,0,0,2990,2990,320,320,324,324,324,300,4095,1,235,201,773,792,94,157,139
145,0,0,0,0,0,2990,2990,320,320,324,324,324,300,4095,1,235,206,772,795,97,157,140
146,0,0,0,0,0,2990,2990,320,320,328,324,324,300,4095,1,235,211,773,792,94,159,141
147,0,0,0,0,0,2990,2990,324,320,328,324,324,300,4095,1,235,216,784,796,95,145,142
148,0,0,0,0,0,2990,2990,324,324,328,324,324,300,4095,1,235,221,780,784,85,147,143
149,0,0,0,0,0,2990,2990,324,324,328,324,324,300,4095,1,235,226,784,796,94,156,144
150,0,0,0,0,0,2990,2990,324,320,328,324,324,300,4095,1,235,231,769,795,101,159,145
151,0,0,0,0,0,2990,2990,324,324,328,324,324,300,4095,1,235,236,784,791,99,149,146
152,0,0,0,0,0,2990,2990,324,324,328,324,324,300,4095,1,235,241,782,795,98,159,147
153,0,0,0,0,0,2990,2990,324,324,328,324,324,300,4095,1,235,246,787,792,94,159,148
154,0,0,0,0,0,2990,2990,324,324,328,324,324,300,4095,1,235,251,780,792,98,159,149
155,0,0,0,0,0,2990,2990,324,324,328,324,324,300,4095,1,235,256,767,781,84,162,150
156,0,0,0,0,0,2990,2990,324,324,328,324,324,300,4095,1,235,261,780,789,97,161,151
157,0,0,0,0,0,2990,2990,324,324,328,324,328,300,4095,1,235,266,784,791,95,159,152
158,0,0,0,0,0,2990,2990,324,324,328,324,324,300,4095,1,235,271,772,789,96,159,153
159,0,0,0,0,0,2990,2990,324,324,324,324,324,300,4095,1,235,276,779,783,83,159,154
160,0,0,0,0,0,2990,2990,324,324,324,324,324,300,4095,1,235,281,787,795,95,161,155
161,0,0,0,0,0,2990,2990,324,324,324,324,324,300,4095,1,235,286,779,794,96,157,156
162,0,0,0,0,0,2990,2990,324,320,324,324,324,300,4095,1,235,291,775,783,79,144,157
163,0,0,0,0,0,2990,2990,324,324,328,324,324,300,4095,1,235,296,786,794,93,147,158
164,0,0,0,0,0,2990,2990,324,324,328,324,324,300,4095,1,235,301,779,790,97,159,159
165,0,0,0,0,0,2990,2990,324,324,328,328,324,300,4095,1,235,306,771,779,81,148,160
166,0,0,0,0,0,2990,2990,324,324,328,328,324,300,4095,1,235,311,785,795,97,157,161
167,0,0,0,0,0,2990,2990,324,324,328,328,328,300,4095,1,235,316,780,794,95,146,162
168,0,0,0,0,0,2990,2990,324,324,328,328,328,300,4095,1,235,321,786,797,98,158,163
169,0,0,0,0,0,2990,2990,324,324,328,328,328,300,4095,1,235,326,788,793,94,156,164
170,0,0,0,0,0,2990,2990,324,324,328,328,328,300,4095,1,235,331,773,794,95,159,165
171,0,0,0,0,0,2990,2990,328,324,328,328,328,300,4095,1,235,336,772,789,96,149,166
172,0,0,0,0,0,2990,2990,328,324,328,328,328,300,4095,1,235,341,787,791,94,159,167
173,0,0,0,0,0,2990,2990,328,328,328,328,328,300,4095,2,235,346,782,790,97,160,168
174,0,0,0,0,0,2990,2990,328,324,328,328,328,300,4095,2,262,106,786,791,96,161,169
175,0,0,0,0,0,2990,2990,324,324,328,328,328,300,4095,2,262,111,782,794,93,145,170
176,0,0,0,0,0,2990,2990,324,324,328,328,328,300,4095,2,262,116,782,792,98,160,171
177,0,0,0,0,0,2990,2990,324,324,328,328,328,300,4095,2,262,121,783,796,95,157,172
178,0,0,0,0,0,2990,2990,324,324,328,328,328,300,4095,2,262,126,773,791,93,162,173
179,0,0,0,0,0,2990,2990,324,324,328,328,328,300,4095,2,262,131,784,791,96,148,174
180,0,0,0,0,0,2990,2990,324,324,328,328,328,300,4095,2,262,136,784,791,93,158,175
181,0,0,0,0,0,2990,2990,328,324,328,328,328,300,4095,2,262,141,774,793,94,155,176
182,0,0,0,0,0,2990,2990,328,324,328,328,328,300,4095,2,262,146,787,792,94,157,177
183,0,0,0,0,0,2990,2990,328,328,328,328,328,300,4095,2,262,151,783,795,100,146,178
184,0,0,0,0,0,2990,2990,328,328,332,328,328,300,4095,2,262,156,783,791,97,160,179
185,0,0,0,0,0,2990,2990,328,328,332,328,328,300,4095,2,262,161,788,794,94,159,180
186,0,0,0,0,0,2990,2990,328,328,332,328,332,300,4095,2,262,166,789,794,95,159,181
187,0,0,0,0,0,2990,2990,328,328,332,328,332,300,4095,2,262,171,772,779,81,157,182
188,0,0,0,0,0,2990,2990,328,328,332,328,332,300,4095,2,262,176,772,779,82,148,183
189,0,0,0,0,0,2990,2990,328,328,332,328,332,300,4095,2,262,181,786,794,96,155,184
190,0,0,0,0,0,2990,2990,328,328,332,328,332,300,4095,2,262,186,768,791,100,160,185
191,0,0,0,0,0,2990,2990,328,328,332,332,332,300,4095,2,262,191,786,795,96,145,186
192,0,0,0,0,0,2990,2990,328,328,332,332,332,300,4095,2,262,196,781,792,96,154,187
193,0,0,0,0,0,2990,2990,328,328,332,332,332,300,4095,2,262,201,765,784,86,145,188
194,0,0,0,0,0,2990,2990,328,328,332,332,332,300,4095,2,262,206,786,793,100,160,189
195,0,0,0,0,0,2990,2990,328,328,332,332,332,300,4095,2,262,211,784,791,98,148,190
196,0,0,0,0,0,2990,2990,328,328,332,332,332,300,4095,2,262,216,785,791,94,157,191
197,0,0,0,0,0,2990,2990,328,328,332,332,332,300,4095,2,262,221,785,796,96,158,192
198,0,0,0,0,0,2990,2990,328,328,332,332,332,300,4095,2,262,226,771,794,95,160,193
199,0,0,0,0,0,2990,2990,328,328,332,332,332,300,4095,2,262,231,788,794,97,147,194
200,0,0,0,0,0,2990,2990,328,328,332,332,332,300,4095,2,262,236,782,789,97,159,195
201,0,0,0,0,0,2990,2990,328,328,332,332,332,300,4095,2,262,241,782,792,101,161,196
202,0,0,0,0,0,2990,2990,328,328,332,332,328,300,4095,2,262,246,785,790,97,164,197
203,0,0,0,0,0,2990,2990,328,328,332,332,328,300,4095,2,262,251,772,796,98,145,198
204,0,0,0,0,0,2990,2990,328,328,332,328,328,300,4095,2,262,256,786,789,90,159,199
205,0,0,0,0,0,2990,2990,328,328,332,328,328,300,4095,2,262,261,790,795,95,161,200
206,0,0,0,0,0,2990,2990,328,328,328,328,328,300,4095,2,262,266,783,790,92,159,201
207,0,0,0,0,0,2990,2990,328,328,332,328,328,300,4095,2,262,271,784,790,96,149,202
208,0,0,0,0,0,2990,2990,328,328,332,328,328,300,4095,2,262,276,773,784,85,146,203
209,0,0,0,0,0,2990,2990,328,328,332,328,328,300,4095,2,262,281,780,795,98,160,204
210,0,0,0,0,0,2990,2990,328,328,332,332,332,300,4095,2,262,286,783,794,94,161,205
211,0,0,0,0,0,2990,2990,328,328,332,332,332,300,4095,2,262,291,769,782,87,161,206
212,0,0,0,0,0,2990,2990,328,328,332,332,332,300,4095,2,262,296,768,792,94,158,207
213,0,0,0,0,0,2990,2990,328,328,332,332,332,300,4095,2,262,301,772,792,94,156,208
214,0,0,0,0,0,2990,2990,328,328,332,332,332,300,4095,2,262,306,784,795,95,156,209
215,0,0,0,0,0,2990,2990,328,328,332,328,332,300,4095,2,262,311,769,782,84,160,210
216,0,0,0,0,0,2990,2990,328,328,332,328,332,300,4095,2,262,316,784,787,93,162,211
217,0,0,0,0,0,2990,2990,328,328,332,328,332,300,4095,2,262,321,783,789,97,159,212
218,0,0,0,0,0,2990,2990,328,328,332,328,332,300,4095,2,262,326,784,790,94,160,213
219,0,0,0,0,0,2990,2990,328,328,332,332,332,300,4095,2,262,331,782,789,99,148,214
220,0,0,0,0,0,2990,2990,328,328,332,332,332,300,4095,2,262,336,780,791,99,160,215
221,0,0,0,0,0,2990,2990,328,328,332,332,332,300,4095,2,262,341,786,795,93,159,216
222,0,0,0,0,0,2990,2990,328,328,332,332,332,300,4095,3,262,346,773,795,96,156,217
223,0,0,0,0,0,2990,2990,328,328,332,332,332,300,4095,3,300,106,782,793,92,148,218
224,0,0,0,0,0,2990,2990,328,328,332,332,332,300,4095,3,300,111,784,791,95,158,219
225,0,0,0,0,0,2990,2990,328,328,332,332,332,300,4095,3,300,116,787,794,96,156,220
226,0,0,0,0,0,2990,2990,328,328,332,332,332,300,4095,3,300,121,785,778,85,148,221
227,0,0,0,0,0,2990,2990,328,328,332,332,332,300,4095,3,300,126,784,791,100,147,222
228,0,0,0,0,0,2990,2990,332,332,336,332,332,300,4095,3,300,131,769,779,86,146,223
229,0,0,0,0,0,2990,2990,332,332,336,332,332,300,4095,3,300,136,785,790,95,163,224
230,0,0,0,0,0,2990,2990,332,332,336,332,332,300,4095,3,300,141,780,791,99,157,225
231,0,0,0,0,0,2990,2990,332,332,336,332,332,300,4095,3,300,146,781,791,99,145,226
232,0,0,0,0,0,2990,2990,332,328,336,332,332,300,4095,3,300,151,767,782,86,145,227
233,0,0,0,0,0,2990,2990,332,328,332,332,332,300,4095,3,300,156,787,794,94,158,228
234,0,0,0,0,0,2990,2990,332,328,336,332,332,300,4095,3,300,161,781,791,92,158,229
235,0,0,0,0,0,2990,2990,332,332,336,332,332,300,4095,3,300,166,772,790,96,147,230
236,0,0,0,0,0,2990,2990,332,332,336,332,332,300,4095,3,300,171,781,794,97,158,231
237,0,0,0,0,0,2990,2990,332,332,336,332,332,300,4095,3,300,176,784,795,93,157,232
238,0,0,0,0,0,2990,2990,332,332,336,332,332,300,4095,3,300,181,780,793,98,157,233
239,0,0,0,0,0,2990,2990,332,332,336,332,332,300,4095,3,300,186,772,779,84,159,234
240,0,0,0,0,0,2990,2990,332,332,336,332,332,300,4095,3,300,191,771,775,83,147,235
241,0,0,0,0,0,2990,2990,332,332,336,336,332,300,4095,3,300,196,776,793,93,160,236
242,0,0,0,0,0,2990,2990,332,332,336,336,332,300,4095,3,300,201,779,794,97,158,237
243,0,0,0,0,0,2990,2990,332,332,336,336,332,300,4095,3,300,206,780,783,87,160,238
244,0,0,0,0,0,2990,2990,332,332,336,336,332,300,4095,3,300,211,784,795,92,156,239
245,0,0,0,0,0,2990,2990,332,332,336,332,332,300,4095,3,300,216,781,791,100,160,240
246,0,0,0,0,0,2990,2990,332,332,336,332,332,300,4095,3,300,221,774,794,98,159,241
247,0,0,0,0,0,2990,2990,332,332,336,332,332,300,4095,3,300,226,783,792,100,160,242
248,0,0,0,0,0,2990,2990,332,332,336,336,332,300,4095,3,300,231,784,787,94,161,243
249,0,0,0,0,0,2990,2990,332,332,336,336,332,300,4095,3,300,236,769,780,84,147,244
250,0,0,0,0,0,2990,2990,332,332,336,336,332,300,4095,3,300,241,780,791,96,159,245
251,0,0,0,0,0,2990,2990,332,332,336,336,332,300,4095,3,300,246,779,791,98,146,246
252,0,0,0,0,0,2990,2990,332,332,336,336,332,300,4095,3,300,251,774,792,93,155,247
253,0,0,0,0,0,2990,2990,332,332,336,336,332,300,4095,3,300,256,788,792,93,158,248
254,0,0,0,0,0,2990,2990,332,332,336,336,336,300,4095,3,300,261,779,791,97,159,249
255,0,0,0,0,0,2990,2990,332,332,336,336,336,300,4095,3,300,266,782,788,95,151,250
256,0,0,0,0,0,2990,2990,332,332,336,336,336,300,4095,3,300,271,785,778,81,149,251
257,0,0,0,0,0,2990,2990,332,332,336,336,336,300,4095,3,300,276,773,783,81,144,252
258,0,0,0,0,0,2990,2990,332,332,336,336,336,300,4095,3,300,281,784,791,94,158,253
259,0,0,0,0,0,2990,2990,332,332,336,336,336,300,4095,3,300,286,781,791,95,151,254
260,0,0,0,0,0,2990,2990,332,332,336,336,336,300,4095,3,300,291,783,795,94,156,255
261,0,0,0,0,0,2990,2990,332,332,336,336,336,300,4095,3,300,296,774,793,95,160,256
262,0,0,0,0,0,2990,2990,332,332,336,336,336,300,4095,3,300,301,782,784,88,146,257
263,0,0,0,0,0,2990,2990,332,332,336,336,336,300,4095,3,300,306,768,784,88,159,258
264,0,0,0,0,0,2990,2990,332,332,336,336,336,300,4095,3,300,311,787,792,93,160,259
265,0,0,0,0,0,2990,2990,332,336,336,336,336,300,4095,3,300,316,787,793,92,159,260
266,0,0,0,0,0,2990,2990,332,336,336,336,336,300,4095,3,300,321,788,793,93,158,261
267,0,0,0,0,0,2990,2990,336,336,340,336,340,300,4095,3,300,326,781,790,97,147,262
268,0,0,0,0,0,2990,2990,336,336,340,336,340,300,4095,3,300,331,781,791,96,163,263
269,0,0,0,0,0,2990,2990,336,336,340,336,336,300,4095,3,300,336,776,793,95,158,264
270,0,0,0,0,0,2990,2990,336,336,340,336,336,300,4095,3,300,341,784,791,96,165,265
271,0,0,0,0,0,2990,2990,336,336,340,336,336,300,4095,0,300,346,782,791,95,148,266
272,0,0,0,0,0,2990,2990,336,336,340,336,336,300,4095,0,187,106,781,793,100,161,267
273,0,0,0,0,0,2990,2990,336,336,340,336,336,300,4095,0,187,111,785,792,93,158,268
274,0,0,0,0,0,2990,2990,336,336,340,336,336,300,4095,0,187,116,778,790,97,162,269
275,0,0,0,0,0,2990,2990,336,336,340,336,336,300,4095,0,187,121,784,791,99,149,270
276,0,0,0,0,0,2990,2990,336,336,340,336,336,300,4095,0,187,126,786,797,97,158,271
277,0,0,0,0,0,2990,2990,336,336,340,336,340,300,4095,0,187,131,769,784,87,148,272
278,0,0,0,0,0,2990,2990,336,336,340,336,340,300,4095,0,187,136,788,793,96,162,273
279,0,0,0,0,0,2990,2990,336,336,340,336,340,300,4095,0,187,141,771,782,84,161,274
280,0,0,0,0,0,2990,2990,336,336,340,340,340,300,4095,0,187,146,787,794,93,159,275
281,0,0,0,0,0,2990,2990,336,336,340,340,340,300,4095,0,187,151,781,795,100,159,276
282,0,0,0,0,0,2990,2990,336,336,340,340,340,300,4095,0,187,156,774,781,83,144,277
283,0,0,0,0,0,2990,2990,336,336,340,340,340,300,4095,0,187,161,767,793,101,148,278
284,0,0,0,0,0,2990,2990,336,336,340,340,340,300,4095,0,187,166,781,790,95,159,279
285,0,0,0,0,0,2990,2990,336,336,340,340,340,300,4095,0,187,171,785,789,98,163,280
286,0,0,0,0,0,2990,2990,336,336,340,340,340,300,4095,0,187,176,785,792,94,162,281
287,0,0,0,0,0,2990,2990,336,336,340,340,340,300,4095,0,187,181,786,792,95,150,282
288,0,0,0,0,0,2990,2990,336,336,340,340,340,300,4095,0,187,186,786,795,94,159,283
289,0,0,0,0,0,2990,2990,336,336,340,340,340,300,4095,0,187,191,788,794,98,160,284
290,0,0,0,0,0,2990,2990,336,336,340,340,340,300,4095,0,187,196,787,793,95,157,285
291,0,0,0,0,0,2990,2990,336,336,340,340,340,300,4095,0,187,201,784,797,97,146,286
292,0,0,0,0,0,2990,2990,336,336,340,340,340,300,4095,0,187,206,784,791,99,162,287
293,0,0,0,0,0,2990,2990,336,336,340,340,340,300,4095,0,187,211,775,782,83,144,288
294,0,0,0,0,0,2990,2990,336,340,340,340,340,300,4095,0,187,216,787,795,94,161,289
295,0,0,0,0,0,2990,2990,336,340,340,340,340,300,4095,0,187,221,787,791,96,148,290
296,0,0,0,0,0,2990,2990,336,340,340,340,340,300,4095,0,187,226,785,795,97,157,291
297,0,0,0,0,0,2990,2990,336,340,340,340,340,300,4095,0,187,231,772,792,96,160,292
298,0,0,0,0,0,2990,2990,336,340,340,340,340,300,4095,0,187,236,783,790,98,160,293
299,0,0,0,0,0,2990,2990,340,340,344,340,340,300,4095,0,187,241,774,792,96,152,294
300,0,0,0,0,0,2990,2990,340,340,344,340,340,300,4095,0,187,246,786,791,96,163,295
301,0,0,0,0,0,2990,2990,340,340,344,340,340,300,4095,0,187,251,791,797,100,161,296
302,0,0,0,0,0,2990,2990,340,340,344,340,340,300,4095,0,187,256,783,791,101,163,297
303,0,0,0,0,0,2990,2990,340,340,344,340,340,300,4095,0,187,261,786,793,98,151,298
304,0,0,0,0,0,2990,2990,340,340,344,340,340,300,4095,0,187,266,775,794,96,156,299
305,0,0,0,0,0,2990,2990,340,340,344,340,340,300,4095,0,187,271,774,796,98,160,300
306,0,0,0,0,0,2990,2990,340,340,344,340,340,300,4095,0,187,276,788,793,95,156,301
307,0,0,0,0,0,2990,2990,340,340,344,340,340,300,4095,0,187,281,776,791,96,150,302
308,0,0,0,0,0,2990,2990,340,340,344,340,340,300,4095,0,187,286,772,795,100,160,303
309,0,0,0,0,0,2990,2990,340,340,344,340,340,300,4095,0,187,291,782,793,101,161,304
310,0,0,0,0,0,2990,2990,340,340,344,340,340,300,4095,0,187,296,787,792,94,162,305
311,0,0,0,0,0,2990,2990,340,340,344,344,344,300,4095,0,187,301,785,794,96,144,306
312,0,0,0,0,0,2990,2990,340,340,344,344,344,300,4095,0,187,306,770,793,99,159,307
313,0,0,0,0,0,2990,2990,340,340,344,344,344,300,4095,0,187,311,782,791,95,162,308
314,0,0,0,0,0,2990,2990,344,344,344,344,344,300,4095,0,187,316,783,790,96,160,309
315,0,0,0,0,0,2990,2990,344,344,344,344,344,300,4095,0,187,321,782,795,96,144,310
316,0,0,0,0,0,2990,2990,344,344,344,344,344,300,4095,0,187,326,769,795,98,160,311
317,0,0,0,0,0,2990,2990,344,344,344,344,344,300,4095,0,187,331,788,794,94,161,312
318,0,0,0,0,0,2990,2990,344,344,348,344,344,300,4095,0,187,336,785,795,98,156,313
319,0,0,0,0,0,2990,2990,344,344,348,344,344,300,4095,0,187,341,785,791,94,151,314
320,0,0,0,0,0,2990,2990,344,344,348,344,344,300,4095,1,187,346,788,791,93,159,315
321,0,0,0,0,0,2990,2990,344,344,348,344,344,300,4095,1,235,106,767,782,84,148,316
322,0,0,0,0,0,2990,2990,344,344,348,344,344,300,4095,1,235,111,774,791,97,164,317
323,0,0,0,0,0,2990,2990,344,344,348,344,344,300,4095,1,235,116,787,793,93,147,318
324,0,0,0,0,0,2990,2990,344,344,344,348,344,300,4095,1,235,121,769,783,85,147,319
325,0,0,0,0,0,2990,2990,344,344,344,348,344,300,4095,1,235,126,787,795,97,158,320
326,0,0,0,0,0,2990,2990,344,344,344,348,344,300,4095,1,235,131,772,791,99,162,321
327,0,0,0,0,0,2990,2990,344,344,344,348,344,300,4095,1,235,136,786,791,94,142,322
328,0,0,0,0,0,2990,2990,344,344,344,348,344,300,4095,1,235,141,785,791,98,166,323
329,0,0,0,0,0,2990,2990,344,344,344,348,344,300,4095,1,235,146,783,795,97,159,324
330,0,0,0,0,0,2990,2990,344,344,344,348,344,300,4095,1,235,151,769,792,98,157,325
331,0,0,0,0,0,2990,2990,344,344,344,348,344,300,4095,1,235,156,783,794,100,146,326
332,0,0,0,0,0,2990,2990,344,344,344,348,348,300,4095,1,235,161,785,791,93,161,327
333,0,0,0,0,0,2990,2990,344,344,344,348,348,300,4095,1,235,166,771,780,84,149,328
334,0,0,0,0,0,2990,2990,344,344,344,348,344,300,4095,1,235,171,787,792,95,157,329
335,0,0,0,0,0,2990,2990,344,344,348,348,344,300,4095,1,235,176,783,796,98,146,330
336,0,0,0,0,0,2990,2990,344,344,348,344,344,300,4095,1,235,181,774,794,95,158,331
337,0,0,0,0,0,2990,2990,344,344,348,344,344,300,4095,1,235,186,785,792,95,163,332
338,0,0,0,0,0,2990,2990,344,344,348,344,344,300,4095,1,235,191,770,793,101,161,333
339,0,0,0,0,0,2990,2990,344,344,348,344,344,300,4095,1,235,196,786,794,95,146,334
340,0,0,0,0,0,2990,2990,344,344,348,344,344,300,4095,1,235,201,767,781,88,146,335
341,0,0,0,0,0,2990,2990,344,344,348,344,344,300,4095,1,235,206,769,792,100,160,336
342,0,0,0,0,0,2990,2990,344,344,348,344,344,300,4095,1,235,211,775,781,82,148,337
343,0,0,0,0,0,2990,2990,344,344,348,344,344,300,4095,1,235,216,787,781,84,160,338
344,0,0,0,0,0,2990,2990,344,344,348,344,344,300,4095,1,235,221,786,795,96,159,339
345,0,0,0,0,0,2990,2990,344,344,348,344,344,300,4095,1,235,226,773,786,87,145,340
346,0,0,0,0,0,2990,2990,344,344,348,344,348,300,4095,1,235,231,783,790,98,159,341
347,0,0,0,0,0,2990,2990,344,344,348,348,348,300,4095,1,235,236,783,794,96,143,342
348,0,0,0,0,0,2990,2990,344,344,348,348,348,300,4095,1,235,241,770,784,83,145,343
349,0,0,0,0,0,2990,2990,344,344,348,348,348,300,4095,1,235,246,787,791,99,162,344
350,0,0,0,0,0,2990,2990,344,344,348,348,348,300,4095,1,235,251,787,794,96,159,345
351,0,0,0,0,0,2990,2990,348,348,348,348,348,300,4095,1,235,256,781,795,101,150,346
352,0,0,0,0,0,2990,2990,348,348,348,348,348,300,4095,1,235,261,782,791,99,161,347
353,0,0,0,0,0,2990,2990,348,348,348,348,348,300,4095,1,235,266,783,795,95,157,348
354,0,0,0,0,0,2990,2990,348,348,348,348,348,300,4095,1,235,271,776,782,82,149,349
355,0,0,0,0,0,2990,2990,348,348,348,348,348,300,4095,1,235,276,785,797,98,147,350
356,0,0,0,0,0,2990,2990,348,348,348,348,348,300,4095,1,235,281,791,793,92,163,351
357,0,0,0,0,0,2990,2990,348,348,348,348,348,300,4095,1,235,286,782,797,97,159,352
358,0,0,0,0,0,2990,2990,348,348,348,348,348,300,4095,1,235,291,773,795,97,160,353
359,0,0,0,0,0,2990,2990,348,348,348,348,348,300,4095,1,235,296,783,795,98,146,354
360,0,0,0,0,0,2990,2990,348,348,348,348,348,300,4095,1,235,301,786,783,83,147,355
361,0,0,0,0,0,2990,2990,348,348,348,348,348,300,4095,1,235,306,787,793,94,163,356
362,0,0,0,0,0,2990,2990,348,348,348,348,348,300,4095,1,235,311,774,786,86,146,357
363,0,0,0,0,0,2990,2990,348,348,348,348,348,300,4095,1,235,316,786,791,96,150,358
364,0,0,0,0,0,2990,2990,348,348,348,348,348,300,4095,1,235,321,770,797,99,158,359
365,0,0,0,0,0,2990,2990,348,348,348,348,348,300,4095,1,235,326,789,794,94,161,360
366,0,0,0,0,0,2990,2990,348,348,348,348,348,300,4095,1,235,331,777,794,95,164,361
367,0,0,0,0,0,2990,2990,348,348,348,348,348,300,4095,1,235,336,780,791,97,151,362
368,0,0,0,0,0,2990,2990,348,348,348,348,348,300,4095,1,235,341,786,795,96,159,363
369,0,0,0,0,0,2990,2990,348,348,348,348,348,300,4095,2,235,346,785,794,96,156,364
370,0,0,0,0,0,2990,2990,348,348,348,348,348,300,4095,2,262,106,785,796,98,160,365
371,0,0,0,0,0,2990,2990,348,348,348,348,348,300,4095,2,262,111,783,791,99,146,366
372,0,0,0,0,0,2990,2990,348,348,348,348,348,300,4095,2,262,116,789,795,94,161,367
373,0,0,0,0,0,2990,2990,348,348,348,348,348,300,4095,2,262,121,770,781,88,149,368
374,0,0,0,0,0,2990,2990,348,348,348,348,348,300,4095,2,262,126,775,784,83,144,369
375,0,0,0,0,0,2990,2990,348,348,348,348,348,300,4095,2,262,131,773,792,96,148,370
376,0,0,0,0,0,2990,2990,348,348,348,348,348,300,4095,2,262,136,775,791,97,163,371
377,0,0,0,0,0,2990,2990,348,348,348,348,348,300,4095,2,262,141,785,797,97,157,372
378,0,0,0,0,0,2990,2990,348,348,348,348,348,300,4095,2,262,146,774,781,83,152,373
379,0,0,0,0,0,2990,2990,348,348,348,348,352,300,4095,2,262,151,784,795,100,148,374
380,0,0,0,0,0,2990,2990,348,348,348,348,352,300,4095,2,262,156,784,794,96,158,375
381,0,0,0,0,0,2990,2990,348,348,352,348,352,300,4095,2,262,161,784,798,98,158,376
382,0,0,0,0,0,2990,2990,348,348,352,352,352,300,4095,2,262,166,772,781,87,146,377
383,0,0,0,0,0,2990,2990,348,348,352,352,352,300,4095,2,262,171,776,785,84,162,378
384,0,0,0,0,0,2990,2990,348,352,352,352,352,300,4095,2,262,176,786,795,100,160,379
385,0,0,0,0,0,2990,2990,352,352,352,352,352,300,4095,2,262,181,789,795,96,161,380
386,0,0,0,0,0,2990,2990,352,352,352,352,352,300,4095,2,262,186,787,792,96,161,381
387,0,0,0,0,0,2990,2990,352,352,352,352,356,300,4095,2,262,191,773,780,88,161,382
388,0,0,0,0,0,2990,2990,352,352,352,352,352,300,4095,2,262,196,788,784,82,148,383
389,0,0,0,0,0,2990,2990,352,352,352,352,352,300,4095,2,262,201,776,783,82,147,384
390,0,0,0,0,0,2990,2990,352,352,352,352,352,300,4095,2,262,206,775,792,97,165,385
391,0,0,0,0,0,2990,2990,352,352,352,352,352,300,4095,2,262,211,783,783,88,164,386
392,0,0,0,0,0,2990,2990,352,352,352,352,352,300,4095,2,262,216,772,780,87,149,387
393,0,0,0,0,0,2990,2990,352,352,352,352,352,300,4095,2,262,221,785,797,100,161,388
394,0,0,0,0,0,2990,2990,352,348,352,352,352,300,4095,2,262,226,784,795,104,161,389
395,0,0,0,0,0,2990,2990,352,348,352,352,352,300,4095,2,262,231,771,783,90,165,390
396,0,0,0,0,0,2990,2990,348,348,352,352,352,300,4095,2,262,236,787,794,95,164,391
397,0,0,0,0,0,2990,2990,348,348,352,352,352,300,4095,2,262,241,785,790,97,162,392
398,0,0,0,0,0,2990,2990,348,348,352,352,352,300,4095,2,262,246,781,794,98,159,393
399,0,0,0,0,0,2990,2990,348,348,352,352,352,300,4095,2,262,251,775,780,83,157,394
400,0,0,0,0,0,2990,2990,348,348,352,352,352,300,4095,2,262,256,787,783,84,144,395
401,0,0,0,0,0,2990,2990,348,348,352,352,352,300,4095,2,262,261,785,796,99,158,396
402,0,0,0,0,0,2990,2990,352,348,352,352,352,300,4095,2,262,266,776,785,88,146,397
403,0,0,0,0,0,2990,2990,352,348,352,352,352,300,4095,2,262,271,771,784,88,162,398
404,0,0,0,0,0,2990,2990,352,352,352,352,352,300,4095,2,262,276,786,791,96,163,399
405,0,0,0,0,0,2990,2990,352,352,352,352,352,300,4095,2,262,281,782,796,98,159,400
406,0,0,0,0,0,2990,2990,352,352,352,352,352,300,4095,2,262,286,786,795,98,158,401
407,0,0,0,0,0,2990,2990,352,352,352,352,352,300,4095,2,262,291,785,791,100,149,402
408,0,0,0,0,0,2990,2990,352,348,352,352,352,300,4095,2,262,296,789,793,94,162,403
409,0,0,0,0,0,2990,2990,352,352,352,352,352,300,4095,2,262,301,787,791,97,164,404
410,0,0,0,0,0,2990,2990,352,352,352,352,352,300,4095,2,262,306,772,793,93,160,405
411,0,0,0,0,0,2990,2990,352,352,352,352,356,300,4095,2,262,311,774,796,95,143,406
412,0,0,0,0,0,2990,2990,352,352,352,352,356,300,4095,2,262,316,771,784,85,146,407
413,0,0,0,0,0,2990,2990,352,352,352,352,356,300,4095,2,262,321,784,795,95,162,408
414,0,0,0,0,0,2990,2990,352,352,352,352,356,300,4095,2,262,326,776,779,85,153,409
415,0,0,0,0,0,2990,2990,352,352,352,352,356,300,4095,2,262,331,781,796,97,146,410
416,0,0,0,0,0,2990,2990,352,352,352,352,356,300,4095,2,262,336,785,791,99,165,411
417,0,0,0,0,0,2990,2990,352,352,352,352,356,300,4095,2,262,341,783,792,92,161,412
418,0,0,0,0,0,2990,2990,352,352,352,352,356,300,4095,3,262,346,775,784,85,147,413
419,0,0,0,0,0,2990,2990,352,352,352,352,356,300,4095,3,300,106,789,794,96,149,414
420,0,0,0,0,0,2990,2990,352,352,352,352,356,300,4095,3,300,111,783,784,86,150,415
421,0,0,0,0,0,2990,2990,352,352,352,352,356,300,4095,3,300,116,776,793,95,163,416
422,0,0,0,0,0,2990,2990,352,352,356,352,356,300,4095,3,300,121,789,794,97,162,417
423,0,0,0,0,0,2990,2990,352,352,356,352,356,300,4095,3,300,126,784,791,99,149,418
424,0,0,0,0,0,2990,2990,352,352,352,352,356,300,4095,3,300,131,784,794,99,161,419
425,0,0,0,0,0,2990,2990,352,352,352,352,356,300,4095,3,300,136,787,797,99,159,420
426,0,0,0,0,0,2990,2990,352,352,352,352,356,300,4095,3,300,141,787,796,99,159,421
427,0,0,0,0,0,2990,2990,352,352,352,352,356,300,4095,3,300,146,772,786,88,161,422
428,0,0,0,0,0,2990,2990,352,352,352,352,356,300,4095,3,300,151,786,794,100,162,423
429,0,0,0,0,0,2990,2990,352,352,352,352,356,300,4095,3,300,156,785,791,98,161,424
430,0,0,0,0,0,2990,2990,352,352,356,352,356,300,4095,3,300,161,772,796,99,160,425
431,0,0,0,0,0,2990,2990,352,352,356,352,356,300,4095,3,300,166,784,797,100,147,426
432,0,0,0,0,0,2990,2990,352,352,356,356,356,300,4095,3,300,171,787,781,83,148,427
433,0,0,0,0,0,2990,2990,352,352,356,356,356,300,4095,3,300,176,787,798,97,159,428
434,0,0,0,0,0,2990,2990,352,352,356,356,356,300,4095,3,300,181,785,799,98,158,429
435,0,0,0,0,0,2990,2990,352,352,356,356,356,300,4095,3,300,186,787,794,99,151,430
436,0,0,0,0,0,2990,2990,352,352,356,356,356,300,4095,3,300,191,789,784,82,149,431
437,0,0,0,0,0,2990,2990,352,352,356,356,356,300,4095,3,300,196,786,792,100,163,432
438,0,0,0,0,0,2990,2990,352,352,356,356,356,300,4095,3,300,201,790,796,95,161,433
439,0,0,0,0,0,2990,2990,352,352,356,356,356,300,4095,3,300,206,785,796,101,148,434
440,0,0,0,0,0,2990,2990,352,352,356,356,356,300,4095,3,300,211,787,791,99,166,435
441,0,0,0,0,0,2990,2990,356,356,356,356,356,300,4095,3,300,216,789,797,94,159,436
442,0,0,0,0,0,2990,2990,356,356,356,356,356,300,4095,3,300,221,785,791,97,166,437
443,0,0,0,0,0,2990,2990,356,356,356,356,356,300,4095,3,300,226,787,792,99,152,438
444,0,0,0,0,0,2990,2990,356,356,356,356,356,300,4095,3,300,231,790,795,94,161,439
445,0,0,0,0,0,2990,2990,356,356,356,356,356,300,4095,3,300,236,776,800,100,160,440
446,0,0,0,0,0,2990,2990,356,356,356,356,356,300,4095,3,300,241,790,795,94,162,441
447,0,0,0,0,0,2990,2990,356,356,356,356,356,300,4095,3,300,246,783,799,101,148,442
448,0,0,0,0,0,2990,2990,356,356,356,356,356,300,4095,3,300,251,789,795,95,161,443
449,0,0,0,0,0,2990,2990,356,356,356,356,356,300,4095,3,300,256,784,791,99,161,444
450,0,0,0,0,0,2990,2990,356,356,356,356,356,300,4095,3,300,261,771,783,88,148,445
451,0,0,0,0,0,2990,2990,352,356,356,356,356,300,4095,3,300,266,783,796,100,148,446
452,0,0,0,0,0,2990,2990,352,356,356,356,356,300,4095,3,300,271,774,791,100,163,447
453,0,0,0,0,0,2990,2990,356,356,356,356,356,300,4095,3,300,276,774,792,100,167,448
454,0,0,0,0,0,2990,2990,356,356,356,356,356,300,4095,3,300,281,772,795,97,162,449
455,0,0,0,0,0,2990,2990,356,356,356,356,356,300,4095,3,300,286,785,797,96,147,450
456,0,0,0,0,0,2990,2990,356,356,356,356,356,300,4095,3,300,291,782,795,101,162,451
457,0,0,0,0,0,2990,2990,356,356,356,356,356,300,4095,3,300,296,785,783,90,151,452
458,0,0,0,0,0,2990,2990,356,356,356,356,356,300,4095,3,300,301,786,793,95,163,453
459,0,0,0,0,0,2990,2990,356,356,356,356,356,300,4095,3,300,306,783,791,100,150,454
460,0,0,0,0,0,2990,2990,356,356,356,356,356,300,4095,3,300,311,784,793,94,164,455
461,0,0,0,0,0,2990,2990,356,356,356,356,356,300,4095,3,300,316,791,794,96,161,456
462,0,0,0,0,0,2990,2990,352,352,356,356,356,300,4095,3,300,321,786,793,97,165,457
463,0,0,0,0,0,2990,2990,352,356,356,356,356,300,4095,3,300,326,785,797,102,150,458
464,0,0,0,0,0,2990,2990,352,352,356,356,356,300,4095,3,300,331,787,795,97,158,459
465,0,0,0,0,0,2990,2990,352,356,356,356,356,300,4095,3,300,336,784,797,98,159,460
466,0,0,0,0,0,2990,2990,352,352,356,356,356,300,4095,3,300,341,775,785,84,147,461
467,0,0,0,0,0,2990,2990,352,352,356,356,356,300,4095,0,300,346,772,784,85,159,462
468,0,0,0,0,0,2990,2990,352,352,356,356,356,300,4095,0,187,106,775,781,87,153,463
469,0,0,0,0,0,2990,2990,352,352,356,356,356,300,4095,0,187,111,784,786,90,150,464
470,0,0,0,0,0,2990,2990,352,356,356,356,356,300,4095,0,187,116,778,794,100,166,465
471,0,0,0,0,0,2990,2990,352,352,356,356,356,300,4095,0,187,121,786,792,100,153,466
472,0,0,0,0,0,2990,2990,352,356,356,356,356,300,4095,0,187,126,788,796,96,160,467
473,0,0,0,0,0,2990,2990,352,356,356,356,356,300,4095,0,187,131,790,796,96,163,468
474,0,0,0,0,0,2990,2990,356,356,356,356,356,300,4095,0,187,136,770,795,98,158,469
475,0,0,0,0,0,2990,2990,356,356,356,356,356,300,4095,0,187,141,785,791,99,149,470
476,0,0,0,0,0,2990,2990,356,356,356,356,356,300,4095,0,187,146,784,797,102,162,471
477,0,0,0,0,0,2990,2990,352,356,356,356,356,300,4095,0,187,151,791,793,98,161,472
478,0,0,0,0,0,2990,2990,352,352,356,356,356,300,4095,0,187,156,776,793,98,167,473
1778,1002829,320740,937293,320740,19789,3662,1236,308,312,312,308,308,3661,851,2,19789,20046,310,311,308,313,19789
1779,937549,316644,937549,316644,20045,3662,1236,312,312,312,308,308,3663,915,2,20301,20047,314,311,316,317,19790
1780,937807,316644,937807,316644,20303,3406,1236,316,312,308,308,316,3662,851,1,20046,19790,309,315,312,313,20045
1781,872014,320724,872014,320724,20046,3149,1252,308,308,304,312,312,3405,915,0,19790,19533,312,315,308,309,20046
1782,806221,320740,871757,320740,19789,3917,1252,308,308,316,312,312,3405,915,3,20046,20301,319,315,312,309,20047
1783,1002829,320756,1002829,320756,19789,3919,1252,308,316,316,312,308,3917,915,3,19790,20303,315,315,308,317,20046
1785,1002829,320740,1002829,320740,19789,3663,1252,308,316,312,312,308,3917,915,2,19789,20047,314,315,308,317,65358
